id,application_area,web_surface,meal_production_step,form_key,source_type,source_file,source_path,context,message_key,message_en,message_fr,message_nl,notes,duplicate_group,duplicate_count
UFM-0001,all,form view,,,system string,src/web/systemStrings.json,$.autosaveNotice.cancel,System UI string autosaveNotice.cancel,autosaveNotice.cancel,Close,Fermer,Sluiten,,D002,2
UFM-0002,all,form view,,,system string,src/web/systemStrings.json,$.autosaveNotice.confirm,System UI string autosaveNotice.confirm,autosaveNotice.confirm,Got it,Compris,Begrepen,,,
UFM-0003,all,form view,,,system string,src/web/systemStrings.json,$.autosaveNotice.message,System UI string autosaveNotice.message,autosaveNotice.message,Changes are saved automatically. You can safely leave and come back later.,Les modifications sont sauvegardées automatiquement. Vous pouvez quitter et revenir plus tard.,Wijzigingen worden automatisch opgeslagen. Je kunt veilig verlaten en later terugkomen.,,,
UFM-0004,all,form view,,,system string,src/web/systemStrings.json,$.autosaveNotice.title,System UI string autosaveNotice.title,autosaveNotice.title,Autosave is on,La sauvegarde automatique est activée,Automatisch opslaan staat aan,,,
UFM-0018,all,form view,,,system string,src/web/systemStrings.json,$.fieldChangeDialog.message,System UI string fieldChangeDialog.message,fieldChangeDialog.message,Review this change before continuing.,Vérifiez cette modification avant de continuer.,Controleer deze wijziging voordat u doorgaat.,,,
UFM-0019,all,form view,,,system string,src/web/systemStrings.json,$.fieldChangeDialog.title,System UI string fieldChangeDialog.title,fieldChangeDialog.title,Confirm change,Confirmer la modification,Wijziging bevestigen,,,
UFM-0023,all,form view,,,system string,src/web/systemStrings.json,$.files.clearAllConfirm,System UI string files.clearAllConfirm,files.clearAllConfirm,Remove all photos?,Supprimer toutes les photos ?,Alle foto's verwijderen?,,,
UFM-0024,all,form view,,,system string,src/web/systemStrings.json,$.files.discardChangesConfirm,System UI string files.discardChangesConfirm,files.discardChangesConfirm,The photos you changed are not saved yet. Close without saving them?,Les photos que vous avez changées ne sont pas encore enregistrées. Fermer sans les enregistrer ?,De foto's die je hebt aangepast zijn nog niet opgeslagen. Sluiten zonder ze op te slaan?,,,
UFM-0087,all,form view,,,system string,src/web/systemStrings.json,$.submit.confirm,System UI string submit.confirm,submit.confirm,Submit,Envoyer,Verzenden,,D006,2
UFM-0088,all,form view,,,system string,src/web/systemStrings.json,$.submit.confirmMessage,System UI string submit.confirmMessage,submit.confirmMessage,Are you ready to submit this record?,Êtes-vous prêt à envoyer cet enregistrement ?,Ben je klaar om dit record te verzenden?,,,
UFM-0089,all,form view,,,system string,src/web/systemStrings.json,$.submit.confirmTitle,System UI string submit.confirmTitle,submit.confirmTitle,Confirm submission,Confirmer l'envoi,Verzenden bevestigen,,,
UFM-0096,all,form view,,,system string,src/web/systemStrings.json,$.validation.fixErrors,System UI string validation.fixErrors,validation.fixErrors,You are almost done. Some required checks are missing. Review the highlighted sections.,Vous avez presque terminé. Certaines vérifications obligatoires manquent. Revoyez les sections en surbrillance.,Je bent bijna klaar. Sommige verplichte controles ontbreken. Bekijk de gemarkeerde secties.,,,
UFM-0100,all,form view,,,system string,src/web/systemStrings.json,$.validation.warningsTitle,System UI string validation.warningsTitle,validation.warningsTitle,Warnings,Avertissements,Waarschuwingen,,,
UFM-0102,all,form view,,,web app code,src/web/react/components/app/ValidationHeaderNotice.tsx,line 22,missing system-string fallback,src/web/react/components/app/ValidationHeaderNotice.tsx:22:54,Hide,,,Extracted from web app UI code; review if this surface is still active.,,
UFM-0114,all,form view,,,web app code,src/web/react/features/fieldChangeDialog/FieldChangeDialogOverlay.tsx,line 292,JSX text,src/web/react/features/fieldChangeDialog/FieldChangeDialogOverlay.tsx:292:58,Required,,,Extracted from web app UI code; review if this surface is still active.,,
UFM-0266,all,shared app shell,,,system string,src/web/systemStrings.json,$.common.more,System UI string common.more,common.more,+{count} more,+{count} de plus,+{count} meer,,,
UFM-0277,all,shared app shell,,,system string,src/web/systemStrings.json,$.inventory.reservationConfirmFailed,System UI string inventory.reservationConfirmFailed,inventory.reservationConfirmFailed,Could not confirm reservation changes.,Impossible de confirmer les modifications de réservation.,Kon de reserveringswijzigingen niet bevestigen.,,,
UFM-0293,all,shared app shell,,,system string,src/web/systemStrings.json,$.record.checking,System UI string record.checking,record.checking,Checking for updates…,Vérification des mises à jour…,Controleren op updates…,,,
UFM-0294,all,shared app shell,,,system string,src/web/systemStrings.json,$.record.refresh,System UI string record.refresh,record.refresh,Refresh record,Actualiser l'enregistrement,Record vernieuwen,,,
UFM-0295,all,shared app shell,,,system string,src/web/systemStrings.json,$.record.stale,System UI string record.stale,record.stale,"This record was updated by another user or automatically by the system, tap Refresh to continue.","Cet enregistrement a été modifié par un autre utilisateur ou automatiquement par le système, appuyez sur Actualiser pour continuer.","Dit record werd door een andere gebruiker gewijzigd of automatisch door het systeem, druk op Vernieuwen om door te gaan.",,,
UFM-0296,all,shared app shell,,,system string,src/web/systemStrings.json,$.record.synced,System UI string record.synced,record.synced,The source data changed while you were editing. We loaded the latest version. Please review and adapt your changes as needed.,Les données source ont changé pendant votre modification. Nous avons chargé la dernière version. Veuillez vérifier et adapter vos modifications si nécessaire.,De brongegevens zijn gewijzigd terwijl je aan het bewerken was. We hebben de nieuwste versie geladen. Controleer en pas je wijzigingen aan waar nodig.,,,
UFM-0297,all,shared app shell,,,system string,src/web/systemStrings.json,$.record.syncedTitle,System UI string record.syncedTitle,record.syncedTitle,Record synchronized,Enregistrement synchronisé,Record gesynchroniseerd,,,
UFM-0298,all,shared app shell,,,system string,src/web/systemStrings.json,$.record.syncFailed,System UI string record.syncFailed,record.syncFailed,We could not synchronize the latest record automatically. Tap Refresh to continue.,Nous n'avons pas pu synchroniser automatiquement le dernier enregistrement. Appuyez sur Actualiser pour continuer.,We konden het nieuwste record niet automatisch synchroniseren. Tik op Vernieuwen om verder te gaan.,,,
UFM-0299,all,shared app shell,,,system string,src/web/systemStrings.json,$.record.syncing,System UI string record.syncing,record.syncing,This record changed at the source. We are synchronizing the latest version now.,Cet enregistrement a changé à la source. Nous synchronisons maintenant la dernière version.,Dit record is aan de bron gewijzigd. We synchroniseren nu de nieuwste versie.,,,
UFM-0300,all,shared app shell,,,system string,src/web/systemStrings.json,$.record.syncingTitle,System UI string record.syncingTitle,record.syncingTitle,Synchronizing record…,Synchronisation de l'enregistrement…,Record synchroniseren…,,,
UFM-0368,all,shared app shell,,,web app code,src/web/react/app/copyCurrentRecordDialog.ts,line 26,missing system-string fallback,src/web/react/app/copyCurrentRecordDialog.ts:26:96,Notice,,,Extracted from web app UI code; review if this surface is still active.,D175,14
UFM-0369,all,shared app shell,,,web app code,src/web/react/app/copyCurrentRecordDialog.ts,line 27,missing system-string fallback,src/web/react/app/copyCurrentRecordDialog.ts:27:106,OK,,,Extracted from web app UI code; review if this surface is still active.,D104,23
UFM-0370,all,shared app shell,,,web app code,src/web/react/app/dedupDeleteOnKeyChange.ts,line 311,nested property message,src/web/react/app/dedupDeleteOnKeyChange.ts:311:35,Failed to delete previous record.,,,Extracted from web app UI code; review if this surface is still active.,D183,2
UFM-0371,all,shared app shell,,,web app code,src/web/react/app/dedupDeleteOnKeyChange.ts,line 403,nested property message,src/web/react/app/dedupDeleteOnKeyChange.ts:403:39,Failed to delete previous record.,,,Extracted from web app UI code; review if this surface is still active.,D183,2
UFM-0372,all,shared app shell,,,web app code,src/web/react/app/dedupDialog.ts,line 39,nested property title,src/web/react/app/dedupDialog.ts:39:7,"Creating duplicate record for the same customer, service and date is not allowed.",,,Extracted from web app UI code; review if this surface is still active.,D127,2
UFM-0373,all,shared app shell,,,web app code,src/web/react/app/dedupDialog.ts,line 41,nested property intro,src/web/react/app/dedupDialog.ts:41:57,A meal production record already exists for:,,,Extracted from web app UI code; review if this surface is still active.,D128,2
UFM-0374,all,shared app shell,,,web app code,src/web/react/app/dedupDialog.ts,line 42,nested property outro,src/web/react/app/dedupDialog.ts:42:57,What do you want to do?,,,Extracted from web app UI code; review if this surface is still active.,D129,2
UFM-0375,all,shared app shell,,,web app code,src/web/react/app/dedupDialog.ts,line 43,nested property openLabel,src/web/react/app/dedupDialog.ts:43:65,Open existing record,,,Extracted from web app UI code; review if this surface is still active.,D131,2
UFM-0376,all,shared app shell,,,web app code,src/web/react/app/dedupDialog.ts,line 44,nested property changeLabel,src/web/react/app/dedupDialog.ts:44:69,"Change customer, service or date",,,Extracted from web app UI code; review if this surface is still active.,D130,2
UFM-0377,all,shared app shell,,,web app code,src/web/react/app/dedupDialog.ts,line 45,nested property cancelLabel,src/web/react/app/dedupDialog.ts:45:69,Cancel,,,Extracted from web app UI code; review if this surface is still active.,,
UFM-0378,all,shared app shell,,,web app code,src/web/react/app/dedupIncompleteHomeDialog.ts,line 130,nested property title,src/web/react/app/dedupIncompleteHomeDialog.ts:130:54,Incomplete record,,,Extracted from web app UI code; review if this surface is still active.,,
UFM-0379,all,shared app shell,,,web app code,src/web/react/app/dedupIncompleteHomeDialog.ts,line 134,nested property message,src/web/react/app/dedupIncompleteHomeDialog.ts:134:7,Some required dedup fields are missing. Continue to leave this page and discard the current record.,,,Extracted from web app UI code; review if this surface is still active.,,
UFM-0380,all,shared app shell,,,web app code,src/web/react/app/dedupIncompleteHomeDialog.ts,line 136,nested property confirmLabel,src/web/react/app/dedupIncompleteHomeDialog.ts:136:71,Continue and delete the record,,,Extracted from web app UI code; review if this surface is still active.,,
UFM-0381,all,shared app shell,,,web app code,src/web/react/app/dedupIncompleteHomeDialog.ts,line 137,nested property cancelLabel,src/web/react/app/dedupIncompleteHomeDialog.ts:137:69,Cancel and continue editing,,,Extracted from web app UI code; review if this surface is still active.,,
UFM-0383,all,shared app shell,,,web app code,src/web/react/app/incompleteOverlayRowGuard.ts,line 102,nested property title,src/web/react/app/incompleteOverlayRowGuard.ts:102:7,Missing multi-ingredient leftover number of portions.,,,Extracted from web app UI code; review if this surface is still active.,,
UFM-0384,all,shared app shell,,,web app code,src/web/react/app/incompleteOverlayRowGuard.ts,line 123,nested property confirmLabel,src/web/react/app/incompleteOverlayRowGuard.ts:123:7,Discard incomplete leftover record.,,,Extracted from web app UI code; review if this surface is still active.,,
UFM-0385,all,shared app shell,,,web app code,src/web/react/app/incompleteOverlayRowGuard.ts,line 132,nested property cancelLabel,src/web/react/app/incompleteOverlayRowGuard.ts:132:7,Continue editing,,,Extracted from web app UI code; review if this surface is still active.,D124,3
UFM-0395,all,shared app shell,,,web app code,src/web/react/components/app/AppNotices.tsx,line 31,missing system-string fallback,src/web/react/components/app/AppNotices.tsx:31:42,Checking duplicates…,,,Extracted from web app UI code; review if this surface is still active.,D179,3
UFM-0396,all,shared app shell,,,web app code,src/web/react/components/app/AppNotices.tsx,line 56,missing system-string fallback,src/web/react/components/app/AppNotices.tsx:56:59,Duplicate record.,,,Extracted from web app UI code; review if this surface is still active.,D177,3
UFM-0397,all,shared app shell,,,web app code,src/web/react/components/app/AppNotices.tsx,line 71,missing system-string fallback,src/web/react/components/app/AppNotices.tsx:71:52,Open existing,,,Extracted from web app UI code; review if this surface is still active.,,
UFM-0398,all,shared app shell,,,web app code,src/web/react/components/app/AppOverlays.tsx,line 150,missing system-string fallback,src/web/react/components/app/AppOverlays.tsx:150:83,Confirm,,,Extracted from web app UI code; review if this surface is still active.,D173,15
UFM-0399,all,shared app shell,,,web app code,src/web/react/components/app/AppOverlays.tsx,line 152,missing system-string fallback,src/web/react/components/app/AppOverlays.tsx:152:97,Confirm,,,Extracted from web app UI code; review if this surface is still active.,D173,15
UFM-0400,all,shared app shell,,,web app code,src/web/react/components/app/AppOverlays.tsx,line 202,missing system-string fallback,src/web/react/components/app/AppOverlays.tsx:202:81,Notice,,,Extracted from web app UI code; review if this surface is still active.,D175,14
UFM-0401,all,shared app shell,,,web app code,src/web/react/components/app/AppOverlays.tsx,line 204,missing system-string fallback,src/web/react/components/app/AppOverlays.tsx:204:91,OK,,,Extracted from web app UI code; review if this surface is still active.,D104,23
UFM-0402,all,shared app shell,,,web app code,src/web/react/components/app/AppOverlays.tsx,line 230,missing system-string fallback,src/web/react/components/app/AppOverlays.tsx:230:82,Notice,,,Extracted from web app UI code; review if this surface is still active.,D175,14
UFM-0403,all,shared app shell,,,web app code,src/web/react/components/app/AppOverlays.tsx,line 232,missing system-string fallback,src/web/react/components/app/AppOverlays.tsx:232:92,OK,,,Extracted from web app UI code; review if this surface is still active.,D104,23
UFM-0404,all,shared app shell,,,web app code,src/web/react/components/app/AppOverlays.tsx,line 315,missing system-string fallback,src/web/react/components/app/AppOverlays.tsx:315:93,Confirm,,,Extracted from web app UI code; review if this surface is still active.,D173,15
UFM-0414,all,shared app shell,,,web app code,src/web/react/components/app/useAppAutoSaveDedupConfig.ts,line 52,missing system-string fallback,src/web/react/components/app/useAppAutoSaveDedupConfig.ts:52:64,Duplicate record.,,,Extracted from web app UI code; review if this surface is still active.,D177,3
UFM-0425,all,shared app shell,,,web app code,src/web/react/components/form/FormStatusNotices.tsx,line 47,nested property aria-label,src/web/react/components/form/FormStatusNotices.tsx:47:23,Status: {expr1},,,Extracted from web app UI code; review if this surface is still active.,D186,3
UFM-0446,all,shared app shell,,,web app code,src/web/react/features/overlays/ConfirmDialogOverlay.tsx,line 118,JSX aria-label,src/web/react/features/overlays/ConfirmDialogOverlay.tsx:118:22,Close dialog,,,Extracted from web app UI code; review if this surface is still active.,D197,2
UFM-0447,all,shared app shell,,,web app code,src/web/react/features/overlays/ConfirmDialogOverlay.tsx,line 119,JSX title,src/web/react/features/overlays/ConfirmDialogOverlay.tsx:119:17,Close,,,Extracted from web app UI code; review if this surface is still active.,D198,2
UFM-0448,all,shared app shell,,,web app code,src/web/react/features/overlays/ConfirmDialogOverlay.tsx,line 144,nested property aria-label,src/web/react/features/overlays/ConfirmDialogOverlay.tsx:144:30,Confirmation dialog,,,Extracted from web app UI code; review if this surface is still active.,,
UFM-0449,all,shared app shell,,,web app code,src/web/react/features/overlays/ConfirmDialogOverlay.tsx,line 173,JSX aria-label,src/web/react/features/overlays/ConfirmDialogOverlay.tsx:173:24,Close dialog,,,Extracted from web app UI code; review if this surface is still active.,D197,2
UFM-0450,all,shared app shell,,,web app code,src/web/react/features/overlays/ConfirmDialogOverlay.tsx,line 174,JSX title,src/web/react/features/overlays/ConfirmDialogOverlay.tsx:174:19,Close,,,Extracted from web app UI code; review if this surface is still active.,D198,2
UFM-0454,customer mgmt,form view,,Config: Distributor,form config,docs/config/exports/staging/config_distributor.json,$.definition.questions[10].button.confirm.cancelLabel,Question RE_OPEN (BUTTON) cancelLabel,definition.questions.10.button.confirm.cancelLabel,No,Non,Nee,,D017,4
UFM-0455,customer mgmt,form view,,Config: Distributor,form config,docs/config/exports/staging/config_distributor.json,$.definition.questions[10].button.confirm.confirmLabel,Question RE_OPEN (BUTTON) confirmLabel,definition.questions.10.button.confirm.confirmLabel,Yes,Oui,Ja,,D016,4
UFM-0456,customer mgmt,form view,,Config: Distributor,form config,docs/config/exports/staging/config_distributor.json,$.definition.questions[10].button.confirm.message,Question RE_OPEN (BUTTON) message,definition.questions.10.button.confirm.message,This distributor will stop appearing in the Meal Production form. Do you want to proceed?,Ce distributeur ne s'affichera plus dans le formulaire de production de repas. Voulez-vous procéder ?,Deze distributeur zal niet meer verschijnen in het maaltijdproductieformulier. Wil je dooragaan?,,,
UFM-0457,customer mgmt,form view,,Config: Distributor,form config,docs/config/exports/staging/config_distributor.json,$.definition.questions[10].button.confirm.title,Question RE_OPEN (BUTTON) title,definition.questions.10.button.confirm.title,Please confirm,,,,D048,2
UFM-0474,ingredient mgmt,form view,,Config: Ingredients Management,form config,docs/config/exports/staging/config_ingredients_mgmt.json,$.dedupRules[0].message,Item uniqueIngredientName message,dedupRules.0.message,An ingredient with the same name already exists.,Un ingrédient portant le même nom existe déjà.,Er bestaat al een ingrediënt met dezelfde naam.,,,
UFM-0475,ingredient mgmt,form view,,Config: Ingredients Management,form config,docs/config/exports/staging/config_ingredients_mgmt.json,$.form.actionBars.system.home.incompleteFieldsDialog.cancelLabel,incompleteFieldsDialog cancelLabel,form.actionBars.system.home.incompleteFieldsDialog.cancelLabel,"Cancel, continue editing","Cancel, continue editing","Cancel, continue editing",,,
UFM-0476,ingredient mgmt,form view,,Config: Ingredients Management,form config,docs/config/exports/staging/config_ingredients_mgmt.json,$.form.actionBars.system.home.incompleteFieldsDialog.confirmLabel,incompleteFieldsDialog confirmLabel,form.actionBars.system.home.incompleteFieldsDialog.confirmLabel,"Continue, delete the record","Continue, delete the record","Continue, delete the record",,,
UFM-0477,ingredient mgmt,form view,,Config: Ingredients Management,form config,docs/config/exports/staging/config_ingredients_mgmt.json,$.form.actionBars.system.home.incompleteFieldsDialog.message,incompleteFieldsDialog message,form.actionBars.system.home.incompleteFieldsDialog.message,A draft ingredient record can only exist when created by and ingredient name are all filled in.\n\nLeaving this page now will permanently delete this record and all data already entered.\n\nThis action cannot be undone.,A draft ingredient record can only exist when created by and ingredient name are all filled in.\n\nLeaving this page now will permanently delete this record and all data already entered.\n\nThis action cannot be undone.,A draft ingredient record can only exist when created by and ingredient name are all filled in.\n\nLeaving this page now will permanently delete this record and all data already entered.\n\nThis action cannot be undone.,,,
UFM-0478,ingredient mgmt,form view,,Config: Ingredients Management,form config,docs/config/exports/staging/config_ingredients_mgmt.json,$.form.actionBars.system.home.incompleteFieldsDialog.title,incompleteFieldsDialog title,form.actionBars.system.home.incompleteFieldsDialog.title,Missing key information to create a draft ingredient record,Missing key information to create a draft ingredient record,Missing key information to create a draft ingredient record,,,
UFM-0479,ingredient mgmt,form view,,Config: Ingredients Management,form config,docs/config/exports/staging/config_ingredients_mgmt.json,$.form.autoSave.dedupCheckDialog.availableMessage,dedupCheckDialog availableMessage,form.autoSave.dedupCheckDialog.availableMessage,You can continue entering the ingredient details.,You can continue entering the ingredient details.,You can continue entering the ingredient details.,,,
UFM-0480,ingredient mgmt,form view,,Config: Ingredients Management,form config,docs/config/exports/staging/config_ingredients_mgmt.json,$.form.autoSave.dedupCheckDialog.availableTitle,dedupCheckDialog availableTitle,form.autoSave.dedupCheckDialog.availableTitle,Ingredient name available,Ingredient name available,Ingredient name available,,,
UFM-0481,ingredient mgmt,form view,,Config: Ingredients Management,form config,docs/config/exports/staging/config_ingredients_mgmt.json,$.form.autoSave.dedupCheckDialog.checkingMessage,dedupCheckDialog checkingMessage,form.autoSave.dedupCheckDialog.checkingMessage,Please wait while the system checks whether this ingredient already exists.\nDo not leave this page until the check is complete.,Please wait while the system checks whether this ingredient already exists.\nDo not leave this page until the check is complete.,Please wait while the system checks whether this ingredient already exists.\nDo not leave this page until the check is complete.,,,
UFM-0482,ingredient mgmt,form view,,Config: Ingredients Management,form config,docs/config/exports/staging/config_ingredients_mgmt.json,$.form.autoSave.dedupCheckDialog.checkingTitle,dedupCheckDialog checkingTitle,form.autoSave.dedupCheckDialog.checkingTitle,Checking ingredient name,Checking ingredient name,Checking ingredient name,,,
UFM-0483,ingredient mgmt,form view,,Config: Ingredients Management,form config,docs/config/exports/staging/config_ingredients_mgmt.json,$.form.autoSave.dedupCheckDialog.duplicateMessage,dedupCheckDialog duplicateMessage,form.autoSave.dedupCheckDialog.duplicateMessage,An ingredient with this name already exists.\nPlease change the name or cancel the creation.,An ingredient with this name already exists.\nPlease change the name or cancel the creation.,An ingredient with this name already exists.\nPlease change the name or cancel the creation.,,D053,2
UFM-0484,ingredient mgmt,form view,,Config: Ingredients Management,form config,docs/config/exports/staging/config_ingredients_mgmt.json,$.form.autoSave.dedupCheckDialog.duplicateTitle,dedupCheckDialog duplicateTitle,form.autoSave.dedupCheckDialog.duplicateTitle,Ingredient already exists,Ingredient already exists,Ingredient already exists,,D052,2
UFM-0486,ingredient mgmt,form view,,Config: Ingredients Management,form config,docs/config/exports/staging/config_ingredients_mgmt.json,$.form.dedupDialog.cancelLabel,dedupDialog cancelLabel,form.dedupDialog.cancelLabel,Cancel,Annuler,Annuleren,,D007,4
UFM-0487,ingredient mgmt,form view,,Config: Ingredients Management,form config,docs/config/exports/staging/config_ingredients_mgmt.json,$.form.dedupDialog.changeLabel,dedupDialog changeLabel,form.dedupDialog.changeLabel,Change name,Changer le nom,Naam wijzigen,,,
UFM-0488,ingredient mgmt,form view,,Config: Ingredients Management,form config,docs/config/exports/staging/config_ingredients_mgmt.json,$.form.dedupDialog.intro,dedupDialog intro,form.dedupDialog.intro,An ingredient with this name already exists.\nPlease change the name or cancel the creation.,An ingredient with this name already exists.\nPlease change the name or cancel the creation.,An ingredient with this name already exists.\nPlease change the name or cancel the creation.,,D053,2
UFM-0489,ingredient mgmt,form view,,Config: Ingredients Management,form config,docs/config/exports/staging/config_ingredients_mgmt.json,$.form.dedupDialog.openLabel,dedupDialog openLabel,form.dedupDialog.openLabel,Open existing ingredient,Ouvrir l’ingrédient existant,Bestaand ingrediënt openen,,,
UFM-0490,ingredient mgmt,form view,,Config: Ingredients Management,form config,docs/config/exports/staging/config_ingredients_mgmt.json,$.form.dedupDialog.title,dedupDialog title,form.dedupDialog.title,Ingredient already exists,Ingredient already exists,Ingredient already exists,,D052,2
UFM-0492,ingredient mgmt,form view,,Config: Ingredients Management,form config,docs/config/exports/staging/config_ingredients_mgmt.json,$.form.submissionConfirmationCancelLabel,form submissionConfirmationCancelLabel,form.submissionConfirmationCancelLabel,"No, continue editing draft ingredient","No, continue editing draft ingredient","No, continue editing draft ingredient",,,
UFM-0493,ingredient mgmt,form view,,Config: Ingredients Management,form config,docs/config/exports/staging/config_ingredients_mgmt.json,$.form.submissionConfirmationConfirmLabel,form submissionConfirmationConfirmLabel,form.submissionConfirmationConfirmLabel,"Yes, activate.","Yes, activate.","Yes, activate.",,,
UFM-0494,ingredient mgmt,form view,,Config: Ingredients Management,form config,docs/config/exports/staging/config_ingredients_mgmt.json,$.form.submissionConfirmationMessage,form submissionConfirmationMessage,form.submissionConfirmationMessage,Ingredient {INGREDIENT_NAME} will become active and selectable in Recipe management and Meal production on {todayDate}. Do you want to continue?,Ingredient {INGREDIENT_NAME} will become active and selectable in Recipe management and Meal production on {todayDate}. Do you want to continue?,Ingredient {INGREDIENT_NAME} will become active and selectable in Recipe management and Meal production on {todayDate}. Do you want to continue?,,,
UFM-0495,ingredient mgmt,form view,,Config: Ingredients Management,form config,docs/config/exports/staging/config_ingredients_mgmt.json,$.form.submissionConfirmationTitle,form submissionConfirmationTitle,form.submissionConfirmationTitle,Activate new ingredient?,Activate new ingredient?,Activate new ingredient?,,,
UFM-0497,ingredient mgmt,form view,,Config: Ingredients Management,form config,docs/config/exports/staging/config_ingredients_mgmt.json,$.form.submitValidation.submitTopErrorMessage,submitValidation submitTopErrorMessage,form.submitValidation.submitTopErrorMessage,You are almost done. Some required checks are missing. Review the highlighted sections.,You are almost done. Some required checks are missing. Review the highlighted sections.,You are almost done. Some required checks are missing. Review the highlighted sections.,,,
UFM-0590,ingredient mgmt,form view,,Config: Leftover Inventory,form config,docs/config/exports/staging/config_leftover_inventory.json,$.dedupRules[0].message,Item uniqueLeftoverSourceRow message,dedupRules.0.message,This leftover already exists for the source record.,Ce reste existe déjà pour l'enregistrement source.,Dit restitem bestaat al voor het bronrecord.,,,
UFM-0671,meal production,form view,1. Order,Config: Meal Production,form config,docs/config/exports/staging/config_meal_production.json,$.definition.questions[21].button.confirm.cancelLabel,Question MP_READY_FOR_PRODUCTION (BUTTON) cancelLabel,definition.questions.21.button.confirm.cancelLabel,Cancel,Cancel,Cancel,,D099,2
UFM-0672,meal production,form view,1. Order,Config: Meal Production,form config,docs/config/exports/staging/config_meal_production.json,$.definition.questions[21].button.confirm.confirmLabel,Question MP_READY_FOR_PRODUCTION (BUTTON) confirmLabel,definition.questions.21.button.confirm.confirmLabel,"Yes, lock for production","Yes, lock for production","Yes, lock for production",,,
UFM-0673,meal production,form view,1. Order,Config: Meal Production,form config,docs/config/exports/staging/config_meal_production.json,$.definition.questions[21].button.confirm.message,Question MP_READY_FOR_PRODUCTION (BUTTON) message,definition.questions.21.button.confirm.message,"You are about to lock the customer, service, production date and ordered quantities. Once locked:\n- these fields can no longer be changed\n- production data will be protected from accidental deletion\n- This action cannot be undone.\nDo you want to continue?","You are about to lock the customer, service, production date and ordered quantities. Once locked:\n- these fields can no longer be changed\n- production data will be protected from accidental deletion\n- This action cannot be undone.\nDo you want to continue?","You are about to lock the customer, service, production date and ordered quantities. Once locked:\n- these fields can no longer be changed\n- production data will be protected from accidental deletion\n- This action cannot be undone.\nDo you want to continue?",,,
UFM-0683,meal production,form view,1. Order; 3. Production; 5. Portioning,Config: Meal Production,form config,docs/config/exports/staging/config_meal_production.json,$.definition.questions[9].lineItemConfig.fields[1].changeDialog.cancelLabel,Question MP_MEALS_REQUEST (LINE_ITEM_GROUP) cancelLabel,definition.questions.9.lineItemConfig.fields.1.changeDialog.cancelLabel,"No, keep current data and ordered number","Non, garder les données actuelles et le nombre commandé","Nee, houd de huidige gegevens en het bestelde aantal",,,
UFM-0684,meal production,form view,1. Order; 3. Production; 5. Portioning,Config: Meal Production,form config,docs/config/exports/staging/config_meal_production.json,$.definition.questions[9].lineItemConfig.fields[1].changeDialog.confirmLabel,Question MP_MEALS_REQUEST (LINE_ITEM_GROUP) confirmLabel,definition.questions.9.lineItemConfig.fields.1.changeDialog.confirmLabel,"Yes, change the ordered number and clear out data previously entered.","Oui, changer le nombre de portions commandées et effacer les données précédemment entrées.","Ja, wijzig het aantal gevraagde porties en verwijder de eerder ingevoerde data.",,,
UFM-0685,meal production,form view,1. Order; 3. Production; 5. Portioning,Config: Meal Production,form config,docs/config/exports/staging/config_meal_production.json,$.definition.questions[9].lineItemConfig.fields[1].changeDialog.message,Question MP_MEALS_REQUEST (LINE_ITEM_GROUP) message,definition.questions.9.lineItemConfig.fields.1.changeDialog.message,"Changing the ordered number will remove any production data (leftover, recipe to cook, changes to ingredients, ingredients receipt photo) you may have previously entered. Do you want to proceed?","Changer le nombre de portions commandées supprimera toutes les données de production (restes, recette à cuisiner, modifications des ingrédients, photos de réception des ingrédients) que vous avez peut-être précédemment entrées. Voulez-vous continuer ?","Wijzigen van het aantal gevraagde porties zal alle productiedata (resten, recept te koken, wijzigingen in ingrediënten, foto's van ingrediëntenontvangst) die u mogelijk eerder hebt ingevoerd, verwijderen. Wilt u doorgaan?",,,
UFM-0686,meal production,form view,1. Order; 3. Production; 5. Portioning,Config: Meal Production,form config,docs/config/exports/staging/config_meal_production.json,$.definition.questions[9].lineItemConfig.fields[1].changeDialog.title,Question MP_MEALS_REQUEST (LINE_ITEM_GROUP) title,definition.questions.9.lineItemConfig.fields.1.changeDialog.title,Update ordered portions,Mettre à jour les portions demandées,Bijwerken van gevraagde porties,,,
UFM-0742,meal production,form view,3. Production,Config: Meal Production,form config,docs/config/exports/staging/config_meal_production.json,$.definition.steps.items[2].include[3].rowFlow.actions[0].effects[0].closeConfirm.cases[0].body,Configured text body,definition.steps.items.2.include.3.rowFlow.actions.0.effects.0.closeConfirm.cases.0.body,No ingredients have been added. Do you want to exit?,,,,D118,2
UFM-0743,meal production,form view,3. Production,Config: Meal Production,form config,docs/config/exports/staging/config_meal_production.json,$.definition.steps.items[2].include[3].rowFlow.actions[0].effects[0].closeConfirm.cases[0].cancelLabel,Configured text cancelLabel,definition.steps.items.2.include.3.rowFlow.actions.0.effects.0.closeConfirm.cases.0.cancelLabel,"No, continue editing",,,,D120,2
UFM-0744,meal production,form view,3. Production,Config: Meal Production,form config,docs/config/exports/staging/config_meal_production.json,$.definition.steps.items[2].include[3].rowFlow.actions[0].effects[0].closeConfirm.cases[0].confirmLabel,Configured text confirmLabel,definition.steps.items.2.include.3.rowFlow.actions.0.effects.0.closeConfirm.cases.0.confirmLabel,Yes,,,,D119,14
UFM-0745,meal production,form view,3. Production,Config: Meal Production,form config,docs/config/exports/staging/config_meal_production.json,$.definition.steps.items[2].include[3].rowFlow.actions[0].effects[0].closeConfirm.cases[0].title,Configured text title,definition.steps.items.2.include.3.rowFlow.actions.0.effects.0.closeConfirm.cases.0.title,Missing ingredients,,,,D117,2
UFM-0746,meal production,form view,3. Production,Config: Meal Production,form config,docs/config/exports/staging/config_meal_production.json,$.definition.steps.items[2].include[3].rowFlow.actions[0].effects[0].closeConfirm.cases[1].body,Configured text body,definition.steps.items.2.include.3.rowFlow.actions.0.effects.0.closeConfirm.cases.1.body,"One or more ingredients do not have a quantity and/or unit. If you close this page now, the ingredient selection will be lost.",,,,D122,2
UFM-0747,meal production,form view,3. Production,Config: Meal Production,form config,docs/config/exports/staging/config_meal_production.json,$.definition.steps.items[2].include[3].rowFlow.actions[0].effects[0].closeConfirm.cases[1].cancelLabel,Configured text cancelLabel,definition.steps.items.2.include.3.rowFlow.actions.0.effects.0.closeConfirm.cases.1.cancelLabel,Continue editing,,,,D124,3
UFM-0748,meal production,form view,3. Production,Config: Meal Production,form config,docs/config/exports/staging/config_meal_production.json,$.definition.steps.items[2].include[3].rowFlow.actions[0].effects[0].closeConfirm.cases[1].confirmLabel,Configured text confirmLabel,definition.steps.items.2.include.3.rowFlow.actions.0.effects.0.closeConfirm.cases.1.confirmLabel,"Close, data will be lost",,,,D123,2
UFM-0749,meal production,form view,3. Production,Config: Meal Production,form config,docs/config/exports/staging/config_meal_production.json,$.definition.steps.items[2].include[3].rowFlow.actions[0].effects[0].closeConfirm.cases[1].title,Configured text title,definition.steps.items.2.include.3.rowFlow.actions.0.effects.0.closeConfirm.cases.1.title,Missing quantity/unit,,,,D121,2
UFM-0751,meal production,form view,3. Production,Config: Meal Production,form config,docs/config/exports/staging/config_meal_production.json,$.definition.steps.items[2].include[3].rowFlow.actions[0].effects[0].groupOverride.fields[1].changeDialog.cancelLabel,changeDialog cancelLabel,definition.steps.items.2.include.3.rowFlow.actions.0.effects.0.groupOverride.fields.1.changeDialog.cancelLabel,Cancel - Keep current recipe,,,,D094,2
UFM-0752,meal production,form view,3. Production,Config: Meal Production,form config,docs/config/exports/staging/config_meal_production.json,$.definition.steps.items[2].include[3].rowFlow.actions[0].effects[0].groupOverride.fields[1].changeDialog.confirmLabel,changeDialog confirmLabel,definition.steps.items.2.include.3.rowFlow.actions.0.effects.0.groupOverride.fields.1.changeDialog.confirmLabel,Continue - Delete subsequent data,,,,D095,2
UFM-0753,meal production,form view,3. Production,Config: Meal Production,form config,docs/config/exports/staging/config_meal_production.json,$.definition.steps.items[2].include[3].rowFlow.actions[0].effects[0].groupOverride.fields[1].changeDialog.message,changeDialog message,definition.steps.items.2.include.3.rowFlow.actions.0.effects.0.groupOverride.fields.1.changeDialog.message,Changing any recipe will permanently delete any data or photo previously captured. This action cannot be undone.,,,,D093,2
UFM-0754,meal production,form view,3. Production,Config: Meal Production,form config,docs/config/exports/staging/config_meal_production.json,$.definition.steps.items[2].include[3].rowFlow.actions[0].effects[0].groupOverride.fields[1].changeDialog.title,changeDialog title,definition.steps.items.2.include.3.rowFlow.actions.0.effects.0.groupOverride.fields.1.changeDialog.title,Change recipe?,,,,D092,2
UFM-0770,meal production,form view,3. Production; 6. Leftovers,Config: Meal Production,form config,docs/config/exports/staging/config_meal_production.json,$.definition.questions[9].lineItemConfig.subGroups[0].fields[1].changeDialog.cancelLabel,Question MP_MEALS_REQUEST (LINE_ITEM_GROUP) cancelLabel,definition.questions.9.lineItemConfig.subGroups.0.fields.1.changeDialog.cancelLabel,Cancel - Keep current recipe,,,,D094,2
UFM-0771,meal production,form view,3. Production; 6. Leftovers,Config: Meal Production,form config,docs/config/exports/staging/config_meal_production.json,$.definition.questions[9].lineItemConfig.subGroups[0].fields[1].changeDialog.confirmLabel,Question MP_MEALS_REQUEST (LINE_ITEM_GROUP) confirmLabel,definition.questions.9.lineItemConfig.subGroups.0.fields.1.changeDialog.confirmLabel,Continue - Delete subsequent data,,,,D095,2
UFM-0772,meal production,form view,3. Production; 6. Leftovers,Config: Meal Production,form config,docs/config/exports/staging/config_meal_production.json,$.definition.questions[9].lineItemConfig.subGroups[0].fields[1].changeDialog.message,Question MP_MEALS_REQUEST (LINE_ITEM_GROUP) message,definition.questions.9.lineItemConfig.subGroups.0.fields.1.changeDialog.message,Changing any recipe will permanently delete any data or photo previously captured. This action cannot be undone.,,,,D093,2
UFM-0773,meal production,form view,3. Production; 6. Leftovers,Config: Meal Production,form config,docs/config/exports/staging/config_meal_production.json,$.definition.questions[9].lineItemConfig.subGroups[0].fields[1].changeDialog.title,Question MP_MEALS_REQUEST (LINE_ITEM_GROUP) title,definition.questions.9.lineItemConfig.subGroups.0.fields.1.changeDialog.title,Change recipe?,,,,D092,2
UFM-0783,meal production,form view,3. Production; 6. Leftovers,Config: Meal Production,form config,docs/config/exports/staging/config_meal_production.json,$.definition.questions[9].lineItemConfig.subGroups[0].subGroups[0].dedupRules[0].message,Question MP_MEALS_REQUEST (LINE_ITEM_GROUP) message,definition.questions.9.lineItemConfig.subGroups.0.subGroups.0.dedupRules.0.message,"{value} is already in the list, change the quantity","{value} est déjà dans la liste, modifiez la quantité","{value} staat al in de lijst, pas de hoeveelheid aan",,D010,2
UFM-0812,meal production,form view,5. Portioning,Config: Meal Production,form config,docs/config/exports/staging/config_meal_production.json,$.definition.steps.items[4].navigation.milestoneAction.confirmationDialog.cancelLabel,confirmationDialog cancelLabel,definition.steps.items.4.navigation.milestoneAction.confirmationDialog.cancelLabel,"No, go back to portioning","Non, retour au portionnement","Nee, terug naar portionering",,,
UFM-0813,meal production,form view,5. Portioning,Config: Meal Production,form config,docs/config/exports/staging/config_meal_production.json,$.definition.steps.items[4].navigation.milestoneAction.confirmationDialog.confirmLabel,confirmationDialog confirmLabel,definition.steps.items.4.navigation.milestoneAction.confirmationDialog.confirmLabel,"Yes, create final report","Oui, creer le rapport final","Ja, eindrapport maken",,,
UFM-0814,meal production,form view,5. Portioning,Config: Meal Production,form config,docs/config/exports/staging/config_meal_production.json,$.definition.steps.items[4].navigation.milestoneAction.confirmationDialog.message,confirmationDialog message,definition.steps.items.4.navigation.milestoneAction.confirmationDialog.message,Confirm that {MP_SERVICE} for {MP_DISTRIBUTOR} on {MP_PREP_DATE} has been produced by {MP_COOK_NAME} in line with the Meal Production procedure and hygiene rules.\n\nAll ordered portions are ready for delivery and Final report can be created.,Confirmez que le {MP_SERVICE} pour {MP_DISTRIBUTOR} du {MP_PREP_DATE} a ete produit par {MP_COOK_NAME} conformement a la procedure de production des repas et aux regles d'hygiene.\n\nToutes les portions commandees sont pretes pour la livraison.,Bevestig dat de {MP_SERVICE} voor {MP_DISTRIBUTOR} op {MP_PREP_DATE} is bereid door {MP_COOK_NAME} volgens de procedure voor maaltijdproductie en de hygieneregels.\n\nAlle bestelde porties zijn klaar voor levering.,,,
UFM-0815,meal production,form view,5. Portioning,Config: Meal Production,form config,docs/config/exports/staging/config_meal_production.json,$.definition.steps.items[4].navigation.milestoneAction.confirmationDialog.title,confirmationDialog title,definition.steps.items.4.navigation.milestoneAction.confirmationDialog.title,Please confirm,Veuillez confirmer,Gelieve te bevestigen,,,
UFM-0816,meal production,form view,5. Portioning,Config: Meal Production,form config,docs/config/exports/staging/config_meal_production.json,$.definition.steps.items[4].navigation.milestoneAction.feedbackDialog.cancelLabel,feedbackDialog cancelLabel,definition.steps.items.4.navigation.milestoneAction.feedbackDialog.cancelLabel,Record leftovers,Enregistrer les restes,Restanten registreren,,,
UFM-0817,meal production,form view,5. Portioning,Config: Meal Production,form config,docs/config/exports/staging/config_meal_production.json,$.definition.steps.items[4].navigation.milestoneAction.feedbackDialog.confirmLabel,feedbackDialog confirmLabel,definition.steps.items.4.navigation.milestoneAction.feedbackDialog.confirmLabel,Complete,Terminer,Voltooien,,,
UFM-0818,meal production,form view,5. Portioning,Config: Meal Production,form config,docs/config/exports/staging/config_meal_production.json,$.definition.steps.items[4].navigation.milestoneAction.feedbackDialog.message,feedbackDialog message,definition.steps.items.4.navigation.milestoneAction.feedbackDialog.message,"Record any leftovers before completing this meal production. If there are none, click Complete.","Enregistrez les restes avant de terminer cette production de repas. S'il n'y en a pas, cliquez sur Terminer.","Registreer eventuele restanten voordat u deze maaltijdproductie voltooit. Als er geen zijn, klik op Voltooien.",,,
UFM-0819,meal production,form view,5. Portioning,Config: Meal Production,form config,docs/config/exports/staging/config_meal_production.json,$.definition.steps.items[4].navigation.milestoneAction.feedbackDialog.title,feedbackDialog title,definition.steps.items.4.navigation.milestoneAction.feedbackDialog.title,Leftovers?,Restes ?,Restanten?,,,
UFM-0866,meal production,form view,6. Leftovers,Config: Meal Production,form config,docs/config/exports/staging/config_meal_production.json,$.definition.steps.items[5].navigation.milestoneAction.confirmationDialog.cancelLabel,confirmationDialog cancelLabel,definition.steps.items.5.navigation.milestoneAction.confirmationDialog.cancelLabel,"No, go back to Leftovers",,,,D108,4
UFM-0867,meal production,form view,6. Leftovers,Config: Meal Production,form config,docs/config/exports/staging/config_meal_production.json,$.definition.steps.items[5].navigation.milestoneAction.confirmationDialog.confirmLabel,confirmationDialog confirmLabel,definition.steps.items.5.navigation.milestoneAction.confirmationDialog.confirmLabel,"Yes, confirm",,,,D107,4
UFM-0868,meal production,form view,6. Leftovers,Config: Meal Production,form config,docs/config/exports/staging/config_meal_production.json,$.definition.steps.items[5].navigation.milestoneAction.confirmationDialog.message,confirmationDialog message,definition.steps.items.5.navigation.milestoneAction.confirmationDialog.message,Please confirm there is no leftover.,,,,D110,2
UFM-0869,meal production,form view,6. Leftovers,Config: Meal Production,form config,docs/config/exports/staging/config_meal_production.json,$.definition.steps.items[5].navigation.milestoneAction.confirmationDialog.title,confirmationDialog title,definition.steps.items.5.navigation.milestoneAction.confirmationDialog.title,Leftovers,,,,D105,6
UFM-0870,meal production,form view,6. Leftovers,Config: Meal Production,form config,docs/config/exports/staging/config_meal_production.json,$.definition.steps.items[5].navigation.milestoneAction.confirmationDialogCases[0].dialog.cancelLabel,dialog cancelLabel,definition.steps.items.5.navigation.milestoneAction.confirmationDialogCases.0.dialog.cancelLabel,"No, go back to Leftovers",,,,D108,4
UFM-0871,meal production,form view,6. Leftovers,Config: Meal Production,form config,docs/config/exports/staging/config_meal_production.json,$.definition.steps.items[5].navigation.milestoneAction.confirmationDialogCases[0].dialog.confirmLabel,dialog confirmLabel,definition.steps.items.5.navigation.milestoneAction.confirmationDialogCases.0.dialog.confirmLabel,"Yes, confirm",,,,D107,4
UFM-0872,meal production,form view,6. Leftovers,Config: Meal Production,form config,docs/config/exports/staging/config_meal_production.json,$.definition.steps.items[5].navigation.milestoneAction.confirmationDialogCases[0].dialog.message,dialog message,definition.steps.items.5.navigation.milestoneAction.confirmationDialogCases.0.dialog.message,Please confirm that all leftovers have been recorded. Remember to label and store leftovers according to storage procedure.,,,,D106,2
UFM-0873,meal production,form view,6. Leftovers,Config: Meal Production,form config,docs/config/exports/staging/config_meal_production.json,$.definition.steps.items[5].navigation.milestoneAction.confirmationDialogCases[0].dialog.title,dialog title,definition.steps.items.5.navigation.milestoneAction.confirmationDialogCases.0.dialog.title,Leftovers,,,,D105,6
UFM-0874,meal production,form view,6. Leftovers,Config: Meal Production,form config,docs/config/exports/staging/config_meal_production.json,$.definition.steps.items[5].navigation.milestoneAction.generatedRecordsDialog.confirmLabel,generatedRecordsDialog confirmLabel,definition.steps.items.5.navigation.milestoneAction.generatedRecordsDialog.confirmLabel,OK,,,,D104,23
UFM-0875,meal production,form view,6. Leftovers,Config: Meal Production,form config,docs/config/exports/staging/config_meal_production.json,$.definition.steps.items[5].navigation.milestoneAction.generatedRecordsDialog.itemTemplate,generatedRecordsDialog itemTemplate,definition.steps.items.5.navigation.milestoneAction.generatedRecordsDialog.itemTemplate,{{LEFTOVER_ID}} | {{LEFTOVER_RECIPE || LEFTOVER_INGREDIENT || LEFTOVER_KIND}} | {{LEFTOVER_PORTIONS | pluralize:portion:portions || LEFTOVER_QTY | appendField:LEFTOVER_UNIT}} | {{LEFTOVER_EXP_DATE | date:dd-MMM-yyyy | label:Expires}},,,,D113,2
UFM-0876,meal production,form view,6. Leftovers,Config: Meal Production,form config,docs/config/exports/staging/config_meal_production.json,$.definition.steps.items[5].navigation.milestoneAction.generatedRecordsDialog.message,generatedRecordsDialog message,definition.steps.items.5.navigation.milestoneAction.generatedRecordsDialog.message,Use the ID and name below to label leftover container so it can be easily identified later.,,,,D112,2
UFM-0877,meal production,form view,6. Leftovers,Config: Meal Production,form config,docs/config/exports/staging/config_meal_production.json,$.definition.steps.items[5].navigation.milestoneAction.generatedRecordsDialog.title,generatedRecordsDialog title,definition.steps.items.5.navigation.milestoneAction.generatedRecordsDialog.title,Label and store Leftovers,,,,D111,2
UFM-0878,meal production,form view,6. Leftovers,Config: Meal Production,form config,docs/config/exports/staging/config_meal_production.json,$.definition.steps.items[5].navigation.milestoneAction.progressDialogCases[0].dialog.message,dialog message,definition.steps.items.5.navigation.milestoneAction.progressDialogCases.0.dialog.message,Please do not leave the screen and wait for the Leftover ID to be generated,,,,D109,2
UFM-0879,meal production,form view,6. Leftovers,Config: Meal Production,form config,docs/config/exports/staging/config_meal_production.json,$.definition.steps.items[5].navigation.milestoneAction.progressDialogCases[0].dialog.title,dialog title,definition.steps.items.5.navigation.milestoneAction.progressDialogCases.0.dialog.title,Leftovers,,,,D105,6
UFM-0880,meal production,form view,all Meal Production steps,Config: Meal Production,form config,docs/config/exports/staging/config_meal_production.json,$.dedupRules[0].message,Item uniqueDailyCustService message,dedupRules.0.message,This service is already exists for this customer and date.,,,,D079,2
UFM-0881,meal production,form view,all Meal Production steps,Config: Meal Production,form config,docs/config/exports/staging/config_meal_production.json,$.definition.actionBars.system.gates.submit[0].dialog.confirmLabel,dialog confirmLabel,definition.actionBars.system.gates.submit.0.dialog.confirmLabel,OK,OK,OK,,D022,4
UFM-0882,meal production,form view,all Meal Production steps,Config: Meal Production,form config,docs/config/exports/staging/config_meal_production.json,$.definition.actionBars.system.gates.submit[0].dialog.message,dialog message,definition.actionBars.system.gates.submit.0.dialog.message,"Ingredients receipt photo, food safety and portioning can only be recorded on the day of production.","La photo de réception des ingrédients, la sécurité alimentaire et le portionnement ne peuvent être enregistrés que le jour de la production.","Foto van ingrediëntenontvangst, voedselveiligheid en portionering kunnen alleen worden vastgelegd op de dag van productie.",,D114,2
UFM-0883,meal production,form view,all Meal Production steps,Config: Meal Production,form config,docs/config/exports/staging/config_meal_production.json,$.definition.actionBars.system.gates.submit[1].dialog.confirmLabel,dialog confirmLabel,definition.actionBars.system.gates.submit.1.dialog.confirmLabel,OK,OK,OK,,D022,4
UFM-0884,meal production,form view,all Meal Production steps,Config: Meal Production,form config,docs/config/exports/staging/config_meal_production.json,$.definition.actionBars.system.gates.submit[1].dialog.message,dialog message,definition.actionBars.system.gates.submit.1.dialog.message,"Ingredients receipt photo, food safety and portioning can only be recorded on the day of production.","La photo de réception des ingrédients, la sécurité alimentaire et le portionnement ne peuvent être enregistrés que le jour de la production.","Foto van ingrediëntenontvangst, voedselveiligheid en portionering kunnen alleen worden vastgelegd op de dag van productie.",,D114,2
UFM-0885,meal production,form view,all Meal Production steps,Config: Meal Production,form config,docs/config/exports/staging/config_meal_production.json,$.definition.actionBars.system.home.dedupIncompleteDialog.cancelLabel,dedupIncompleteDialog cancelLabel,definition.actionBars.system.home.dedupIncompleteDialog.cancelLabel,Cancel — Continue editing,,,,,
UFM-0886,meal production,form view,all Meal Production steps,Config: Meal Production,form config,docs/config/exports/staging/config_meal_production.json,$.definition.actionBars.system.home.dedupIncompleteDialog.confirmLabel,dedupIncompleteDialog confirmLabel,definition.actionBars.system.home.dedupIncompleteDialog.confirmLabel,Continue — Delete the record,,,,,
UFM-0887,meal production,form view,all Meal Production steps,Config: Meal Production,form config,docs/config/exports/staging/config_meal_production.json,$.definition.actionBars.system.home.dedupIncompleteDialog.message,dedupIncompleteDialog message,definition.actionBars.system.home.dedupIncompleteDialog.message,"A meal production record can only exist when customer, production date, and service are all filled in.\n\nLeaving this page now will permanently delete this record and all data and photos already entered.\n\nThis action cannot be undone.",,,,,
UFM-0888,meal production,form view,all Meal Production steps,Config: Meal Production,form config,docs/config/exports/staging/config_meal_production.json,$.definition.actionBars.system.home.dedupIncompleteDialog.title,dedupIncompleteDialog title,definition.actionBars.system.home.dedupIncompleteDialog.title,Incomplete meal production record,,,,,
UFM-0889,meal production,form view,all Meal Production steps,Config: Meal Production,form config,docs/config/exports/staging/config_meal_production.json,$.definition.copyCurrentRecordDialog.confirmLabel,copyCurrentRecordDialog confirmLabel,definition.copyCurrentRecordDialog.confirmLabel,OK,OK,OK,,D022,4
UFM-0890,meal production,form view,all Meal Production steps,Config: Meal Production,form config,docs/config/exports/staging/config_meal_production.json,$.definition.copyCurrentRecordDialog.message,copyCurrentRecordDialog message,definition.copyCurrentRecordDialog.message,"Select a production date = or > today's date and verify the customer, service, responsible cook, ordered portions and selected recipes. Any changes to the ingredients that was recorded in the selected meal production record to copy from and its ingredients receipt photos will not be copied. All changes will be auto-saved and a new record will be created with the production date that you will select.","Sélectionnez une date de production future et vérifiez le client, le service, le cuisinier responsable, les portions demandées et les recettes sélectionnées. Les modifications d'ingrédients et les photos de réception ne sont pas copiées. Toutes les modifications seront enregistrées automatiquement et un enregistrement daté dans le futur sera créé.","Selecteer een toekomstige productiedatum en controleer de klant, service, verantwoordelijke kok, gevraagde porties en geselecteerde recepten. Ingrediëntenwijzigingen en ontvangstfoto's worden niet gekopieerd. Alle wijzigingen worden automatisch opgeslagen en een record met een toekomstige datum wordt aangemaakt.",,,
UFM-0891,meal production,form view,all Meal Production steps,Config: Meal Production,form config,docs/config/exports/staging/config_meal_production.json,$.definition.copyCurrentRecordDialog.title,copyCurrentRecordDialog title,definition.copyCurrentRecordDialog.title,Copying record,Copie de l'enregistrement,Record kopiëren,,,
UFM-0892,meal production,form view,all Meal Production steps,Config: Meal Production,form config,docs/config/exports/staging/config_meal_production.json,$.definition.dedupDialog.changeLabel,dedupDialog changeLabel,definition.dedupDialog.changeLabel,"Change customer, service or date",,,,D130,2
UFM-0893,meal production,form view,all Meal Production steps,Config: Meal Production,form config,docs/config/exports/staging/config_meal_production.json,$.definition.dedupDialog.intro,dedupDialog intro,definition.dedupDialog.intro,A meal production record already exists for:,,,,D128,2
UFM-0894,meal production,form view,all Meal Production steps,Config: Meal Production,form config,docs/config/exports/staging/config_meal_production.json,$.definition.dedupDialog.openLabel,dedupDialog openLabel,definition.dedupDialog.openLabel,Open existing record,,,,D131,2
UFM-0895,meal production,form view,all Meal Production steps,Config: Meal Production,form config,docs/config/exports/staging/config_meal_production.json,$.definition.dedupDialog.outro,dedupDialog outro,definition.dedupDialog.outro,What do you want to do?,,,,D129,2
UFM-0896,meal production,form view,all Meal Production steps,Config: Meal Production,form config,docs/config/exports/staging/config_meal_production.json,$.definition.dedupDialog.title,dedupDialog title,definition.dedupDialog.title,"Creating duplicate record for the same customer, service and date is not allowed.",,,,D127,2
UFM-0897,meal production,form view,all Meal Production steps,Config: Meal Production,form config,docs/config/exports/staging/config_meal_production.json,$.definition.dedupRules[0].message,Item uniqueDailyCustService message,definition.dedupRules.0.message,This service is already exists for this customer and date.,,,,D079,2
UFM-0900,meal production,form view,all Meal Production steps,Config: Meal Production,form config,docs/config/exports/staging/config_meal_production.json,$.definition.questions[1].changeDialog.cancelLabel,Question MP_DISTRIBUTOR (CHOICE) cancelLabel,definition.questions.1.changeDialog.cancelLabel,Cancel and keep current customer,Annuler,Annuleren,,,
UFM-0901,meal production,form view,all Meal Production steps,Config: Meal Production,form config,docs/config/exports/staging/config_meal_production.json,$.definition.questions[1].changeDialog.confirmLabel,Question MP_DISTRIBUTOR (CHOICE) confirmLabel,definition.questions.1.changeDialog.confirmLabel,Continue and delete subsequent data.,Continuer et effacer les portions,Doorgaan en klaren de porties,,,
UFM-0902,meal production,form view,all Meal Production steps,Config: Meal Production,form config,docs/config/exports/staging/config_meal_production.json,$.definition.questions[1].changeDialog.message,Question MP_DISTRIBUTOR (CHOICE) message,definition.questions.1.changeDialog.message,"Changing the customer will permanently delete production date and service as well as any data or photos you may have entered after service.\n\nA meal production record can only exist when customer, production date, and service are all filled in.\n\nIf you wish to proceed with the change, make sure you enter the production date and the service before leaving the page otherwise the record will be permanently deleted.\n\nThis action cannot be undone.","Changer de client effacera toutes les informations d'ordre que vous avez entrées et toutes les données de production que vous avez entrées, voulez-vous continuer?","Wijzigen van de klant zal alle orderinformatie die u hebt ingevoerd en alle productiedata die u hebt ingevoerd wissen, wilt u doorgaan?",,,
UFM-0903,meal production,form view,all Meal Production steps,Config: Meal Production,form config,docs/config/exports/staging/config_meal_production.json,$.definition.questions[1].changeDialog.title,Question MP_DISTRIBUTOR (CHOICE) title,definition.questions.1.changeDialog.title,Change Customer,Changer de client?,Klant wijzigen?,,,
UFM-0910,meal production,form view,all Meal Production steps,Config: Meal Production,form config,docs/config/exports/staging/config_meal_production.json,$.definition.questions[2].changeDialog.cancelLabel,Question MP_SERVICE (CHOICE) cancelLabel,definition.questions.2.changeDialog.cancelLabel,Cancel — Keep current service,Annuler,Annuleren,,,
UFM-0911,meal production,form view,all Meal Production steps,Config: Meal Production,form config,docs/config/exports/staging/config_meal_production.json,$.definition.questions[2].changeDialog.confirmLabel,Question MP_SERVICE (CHOICE) confirmLabel,definition.questions.2.changeDialog.confirmLabel,Continue — Delete subsequent data,Continuer et effacer les portions,Doorgaan en klaren de porties,,,
UFM-0912,meal production,form view,all Meal Production steps,Config: Meal Production,form config,docs/config/exports/staging/config_meal_production.json,$.definition.questions[2].changeDialog.message,Question MP_SERVICE (CHOICE) message,definition.questions.2.changeDialog.message,Changing the service will permanently delete any data or photos entered after the service.\n\nThis action cannot be undone.,"Changer de service effacera toutes les portions que vous avez entrées et toutes les données de production que vous avez entrées, voulez-vous continuer?","Wijzigen van de service zal alle portions die u hebt ingevoerd en alle productiedata die u hebt ingevoerd wissen, wilt u doorgaan?",,,
UFM-0913,meal production,form view,all Meal Production steps,Config: Meal Production,form config,docs/config/exports/staging/config_meal_production.json,$.definition.questions[2].changeDialog.title,Question MP_SERVICE (CHOICE) title,definition.questions.2.changeDialog.title,Change service,Changer de service?,Service wijzigen?,,,
UFM-0918,meal production,form view,all Meal Production steps,Config: Meal Production,form config,docs/config/exports/staging/config_meal_production.json,$.definition.questions[22].button.confirm.cancelLabel,Question MP_UNLOCK_FOR_EDIT (BUTTON) cancelLabel,definition.questions.22.button.confirm.cancelLabel,"Cancel, keep the record locked",,,,,
UFM-0919,meal production,form view,all Meal Production steps,Config: Meal Production,form config,docs/config/exports/staging/config_meal_production.json,$.definition.questions[22].button.confirm.confirmLabel,Question MP_UNLOCK_FOR_EDIT (BUTTON) confirmLabel,definition.questions.22.button.confirm.confirmLabel,Unlock record for editing,,,,,
UFM-0920,meal production,form view,all Meal Production steps,Config: Meal Production,form config,docs/config/exports/staging/config_meal_production.json,$.definition.questions[22].button.confirm.message,Question MP_UNLOCK_FOR_EDIT (BUTTON) message,definition.questions.22.button.confirm.message,Unlocking record will allow any user to edit Order information. Do you wish to continue?,,,,,
UFM-0928,meal production,form view,all Meal Production steps,Config: Meal Production,form config,docs/config/exports/staging/config_meal_production.json,$.definition.questions[5].changeDialog.cancelLabel,Question MP_PREP_DATE (DATE) cancelLabel,definition.questions.5.changeDialog.cancelLabel,Cancel and keep current production date,"Non, conserver la date de production actuelle","Nee, behoud de huidige productiedatum",,,
UFM-0929,meal production,form view,all Meal Production steps,Config: Meal Production,form config,docs/config/exports/staging/config_meal_production.json,$.definition.questions[5].changeDialog.confirmLabel,Question MP_PREP_DATE (DATE) confirmLabel,definition.questions.5.changeDialog.confirmLabel,Continue and delete subsequent data.,"Oui, supprimer définitivement les données déjà saisies","Ja, verwijder de eerder ingevoerde gegevens definitief",,,
UFM-0930,meal production,form view,all Meal Production steps,Config: Meal Production,form config,docs/config/exports/staging/config_meal_production.json,$.definition.questions[5].changeDialog.message,Question MP_PREP_DATE (DATE) message,definition.questions.5.changeDialog.message,"Changing the production date will permanently delete service as well as any data or photos entered after service.\n\nA meal production record can only exist when customer, production date, and service are all filled in.\n\nIf you wish to proceed with the change, make sure you enter the service before leaving the page otherwise the record will be permanently deleted.\n\nThis action cannot be undone.",Changer la date de production d'une production de repas en cours supprimera définitivement toutes les données de service déjà enregistrées. Voulez-vous continuer ?,"Als u de productiedatum van een lopende maaltijdproductie wijzigt, worden alle eerder opgeslagen servicegegevens definitief verwijderd. Wilt u doorgaan?",,,
UFM-0931,meal production,form view,all Meal Production steps,Config: Meal Production,form config,docs/config/exports/staging/config_meal_production.json,$.definition.questions[5].changeDialog.title,Question MP_PREP_DATE (DATE) title,definition.questions.5.changeDialog.title,Change Production date,Changer la date de production ?,Productiedatum wijzigen?,,,
UFM-0943,meal production,form view,all Meal Production steps,Config: Meal Production,form config,docs/config/exports/staging/config_meal_production.json,$.definition.recordFreshness.dataSourceWatches[0].dialog.confirmLabel,dialog confirmLabel,definition.recordFreshness.dataSourceWatches.0.dialog.confirmLabel,OK,,,,D104,23
UFM-0944,meal production,form view,all Meal Production steps,Config: Meal Production,form config,docs/config/exports/staging/config_meal_production.json,$.definition.recordFreshness.dataSourceWatches[0].dialog.message,dialog message,definition.recordFreshness.dataSourceWatches.0.dialog.message,The leftover inventory changed while you were editing. We loaded the latest availability. Please review your selections before continuing.,,,,,
UFM-0948,meal production,form view,all Meal Production steps,Config: Meal Production,form config,docs/config/exports/staging/config_meal_production.json,$.definition.steps.waitForUploadsDialog.message,waitForUploadsDialog message,definition.steps.waitForUploadsDialog.message,Please wait while your photos finish uploading.,Veuillez patienter pendant le téléversement de vos photos.,Wacht even terwijl je foto's worden geüpload.,,,
UFM-0949,meal production,form view,all Meal Production steps,Config: Meal Production,form config,docs/config/exports/staging/config_meal_production.json,$.definition.steps.waitForUploadsDialog.title,waitForUploadsDialog title,definition.steps.waitForUploadsDialog.title,Please wait,Veuillez patienter,Even geduld,,D003,2
UFM-0950,meal production,form view,all Meal Production steps,Config: Meal Production,form config,docs/config/exports/staging/config_meal_production.json,$.definition.submissionAfterSubmit.confirmationDialog.cancelLabel,confirmationDialog cancelLabel,definition.submissionAfterSubmit.confirmationDialog.cancelLabel,"No, go back to Leftovers",,,,D108,4
UFM-0951,meal production,form view,all Meal Production steps,Config: Meal Production,form config,docs/config/exports/staging/config_meal_production.json,$.definition.submissionAfterSubmit.confirmationDialog.confirmLabel,confirmationDialog confirmLabel,definition.submissionAfterSubmit.confirmationDialog.confirmLabel,"Yes, confirm",,,,D107,4
UFM-0952,meal production,form view,all Meal Production steps,Config: Meal Production,form config,docs/config/exports/staging/config_meal_production.json,$.definition.submissionAfterSubmit.confirmationDialog.message,confirmationDialog message,definition.submissionAfterSubmit.confirmationDialog.message,Please confirm there is no leftover.,,,,D110,2
UFM-0953,meal production,form view,all Meal Production steps,Config: Meal Production,form config,docs/config/exports/staging/config_meal_production.json,$.definition.submissionAfterSubmit.confirmationDialog.title,confirmationDialog title,definition.submissionAfterSubmit.confirmationDialog.title,Leftovers,,,,D105,6
UFM-0954,meal production,form view,all Meal Production steps,Config: Meal Production,form config,docs/config/exports/staging/config_meal_production.json,$.definition.submissionAfterSubmit.confirmationDialogCases[0].dialog.cancelLabel,dialog cancelLabel,definition.submissionAfterSubmit.confirmationDialogCases.0.dialog.cancelLabel,"No, go back to Leftovers",,,,D108,4
UFM-0955,meal production,form view,all Meal Production steps,Config: Meal Production,form config,docs/config/exports/staging/config_meal_production.json,$.definition.submissionAfterSubmit.confirmationDialogCases[0].dialog.confirmLabel,dialog confirmLabel,definition.submissionAfterSubmit.confirmationDialogCases.0.dialog.confirmLabel,"Yes, confirm",,,,D107,4
UFM-0956,meal production,form view,all Meal Production steps,Config: Meal Production,form config,docs/config/exports/staging/config_meal_production.json,$.definition.submissionAfterSubmit.confirmationDialogCases[0].dialog.message,dialog message,definition.submissionAfterSubmit.confirmationDialogCases.0.dialog.message,Please confirm that all leftovers have been recorded. Remember to label and store leftovers according to storage procedure.,,,,D106,2
UFM-0957,meal production,form view,all Meal Production steps,Config: Meal Production,form config,docs/config/exports/staging/config_meal_production.json,$.definition.submissionAfterSubmit.confirmationDialogCases[0].dialog.title,dialog title,definition.submissionAfterSubmit.confirmationDialogCases.0.dialog.title,Leftovers,,,,D105,6
UFM-0958,meal production,form view,all Meal Production steps,Config: Meal Production,form config,docs/config/exports/staging/config_meal_production.json,$.definition.submissionAfterSubmit.generatedRecordsDialog.confirmLabel,generatedRecordsDialog confirmLabel,definition.submissionAfterSubmit.generatedRecordsDialog.confirmLabel,OK,,,,D104,23
UFM-0959,meal production,form view,all Meal Production steps,Config: Meal Production,form config,docs/config/exports/staging/config_meal_production.json,$.definition.submissionAfterSubmit.generatedRecordsDialog.itemTemplate,generatedRecordsDialog itemTemplate,definition.submissionAfterSubmit.generatedRecordsDialog.itemTemplate,{{LEFTOVER_ID}} | {{LEFTOVER_RECIPE || LEFTOVER_INGREDIENT || LEFTOVER_KIND}} | {{LEFTOVER_PORTIONS | pluralize:portion:portions || LEFTOVER_QTY | appendField:LEFTOVER_UNIT}} | {{LEFTOVER_EXP_DATE | date:dd-MMM-yyyy | label:Expires}},,,,D113,2
UFM-0960,meal production,form view,all Meal Production steps,Config: Meal Production,form config,docs/config/exports/staging/config_meal_production.json,$.definition.submissionAfterSubmit.generatedRecordsDialog.message,generatedRecordsDialog message,definition.submissionAfterSubmit.generatedRecordsDialog.message,Use the ID and name below to label leftover container so it can be easily identified later.,,,,D112,2
UFM-0961,meal production,form view,all Meal Production steps,Config: Meal Production,form config,docs/config/exports/staging/config_meal_production.json,$.definition.submissionAfterSubmit.generatedRecordsDialog.title,generatedRecordsDialog title,definition.submissionAfterSubmit.generatedRecordsDialog.title,Label and store Leftovers,,,,D111,2
UFM-0962,meal production,form view,all Meal Production steps,Config: Meal Production,form config,docs/config/exports/staging/config_meal_production.json,$.definition.submissionAfterSubmit.progressDialogCases[0].dialog.message,dialog message,definition.submissionAfterSubmit.progressDialogCases.0.dialog.message,Please do not leave the screen and wait for the Leftover ID to be generated,,,,D109,2
UFM-0963,meal production,form view,all Meal Production steps,Config: Meal Production,form config,docs/config/exports/staging/config_meal_production.json,$.definition.submissionAfterSubmit.progressDialogCases[0].dialog.title,dialog title,definition.submissionAfterSubmit.progressDialogCases.0.dialog.title,Leftovers,,,,D105,6
UFM-0964,meal production,form view,all Meal Production steps,Config: Meal Production,form config,docs/config/exports/staging/config_meal_production.json,$.definition.submissionConfirmationCancelLabel,definition submissionConfirmationCancelLabel,definition.submissionConfirmationCancelLabel,"No, continue editing","Non, continuer la modification","Nee, verder bewerken",,D126,2
UFM-0965,meal production,form view,all Meal Production steps,Config: Meal Production,form config,docs/config/exports/staging/config_meal_production.json,$.definition.submissionConfirmationConfirmLabel,definition submissionConfirmationConfirmLabel,definition.submissionConfirmationConfirmLabel,"Yes, confirmed","Oui, c'est confirmé","Ja, recept activeren",,,
UFM-0966,meal production,form view,all Meal Production steps,Config: Meal Production,form config,docs/config/exports/staging/config_meal_production.json,$.definition.submissionConfirmationMessage,definition submissionConfirmationMessage,definition.submissionConfirmationMessage,"This report confirms {MP_SERVICE} for {MP_DISTRIBUTOR} has been produced by {MP_COOK_NAME} on {MP_PREP_DATE}, in accordance with the Meal Production procedure and hygiene rules.","Ce rapport confirme que le {MP_SERVICE} pour {MP_DISTRIBUTOR} a été produit par {MP_COOK_NAME} le {MP_PREP_DATE}, conformément à la procédure de production de repas et aux règles d'hygiène.","Dit rapport bevestigt dat de {MP_SERVICE} voor {MP_DISTRIBUTOR} is uitgevoerd door {MP_COOK_NAME} op {MP_PREP_DATE}, conform de procedure voor het maken van maaltijden en de hygiëneregels.",,,
UFM-0967,meal production,form view,all Meal Production steps,Config: Meal Production,form config,docs/config/exports/staging/config_meal_production.json,$.definition.submissionConfirmationTitle,definition submissionConfirmationTitle,definition.submissionConfirmationTitle,Please confirm,Veuillez confirmer,Vergoeding bevestigen,,D044,3
UFM-0969,meal production,form view,all Meal Production steps,Config: Meal Production,form config,docs/config/exports/staging/config_meal_production.json,$.definition.submitValidation.submitTopErrorMessage,submitValidation submitTopErrorMessage,definition.submitValidation.submitTopErrorMessage,Please complete the highlighted fields.,Veuillez compléter les champs en surbrillance.,Vul de gemarkeerde velden in.,,,
UFM-1134,recipe mgmt,form view,,Config: Recipes,form config,docs/config/exports/staging/config_recipes.json,$.dedupRules[0].message,Item uiniqueRecipeNames message,dedupRules.0.message,A recipe with this name already exists. Please choose another name.,,,,D132,2
UFM-1137,recipe mgmt,form view,,Config: Recipes,form config,docs/config/exports/staging/config_recipes.json,$.definition.dedupRules[0].message,Item uiniqueRecipeNames message,definition.dedupRules.0.message,A recipe with this name already exists. Please choose another name.,,,,D132,2
UFM-1151,recipe mgmt,form view,,Config: Recipes,form config,docs/config/exports/staging/config_recipes.json,$.definition.questions[5].lineItemConfig.dedupRules[0].message,Question Q65ILNUSGL (LINE_ITEM_GROUP) message,definition.questions.5.lineItemConfig.dedupRules.0.message,Ingredient already exist with the same unit. Change the unit or Remove the duplicate.,Ingrédient/unité dupliqué. Modifier l'unité ou supprimer le doublon.,Ingrediënt/eenheid dupliceren. Wijzig de eenheid of verwijder de dubbele.,,,
UFM-1161,recipe mgmt,form view,,Config: Recipes,form config,docs/config/exports/staging/config_recipes.json,$.definition.questions[5].lineItemConfig.ui.closeConfirm.cases[0].body,Question Q65ILNUSGL (LINE_ITEM_GROUP) body,definition.questions.5.lineItemConfig.ui.closeConfirm.cases.0.body,No ingredients have been added. Do you want to exit?,,,,D118,2
UFM-1162,recipe mgmt,form view,,Config: Recipes,form config,docs/config/exports/staging/config_recipes.json,$.definition.questions[5].lineItemConfig.ui.closeConfirm.cases[0].cancelLabel,Question Q65ILNUSGL (LINE_ITEM_GROUP) cancelLabel,definition.questions.5.lineItemConfig.ui.closeConfirm.cases.0.cancelLabel,"No, continue editing",,,,D120,2
UFM-1163,recipe mgmt,form view,,Config: Recipes,form config,docs/config/exports/staging/config_recipes.json,$.definition.questions[5].lineItemConfig.ui.closeConfirm.cases[0].confirmLabel,Question Q65ILNUSGL (LINE_ITEM_GROUP) confirmLabel,definition.questions.5.lineItemConfig.ui.closeConfirm.cases.0.confirmLabel,Yes,,,,D119,14
UFM-1164,recipe mgmt,form view,,Config: Recipes,form config,docs/config/exports/staging/config_recipes.json,$.definition.questions[5].lineItemConfig.ui.closeConfirm.cases[0].title,Question Q65ILNUSGL (LINE_ITEM_GROUP) title,definition.questions.5.lineItemConfig.ui.closeConfirm.cases.0.title,Missing ingredients,,,,D117,2
UFM-1165,recipe mgmt,form view,,Config: Recipes,form config,docs/config/exports/staging/config_recipes.json,$.definition.questions[5].lineItemConfig.ui.closeConfirm.cases[1].body,Question Q65ILNUSGL (LINE_ITEM_GROUP) body,definition.questions.5.lineItemConfig.ui.closeConfirm.cases.1.body,"One or more ingredients do not have a quantity and/or unit. If you close this page now, the ingredient selection will be lost.",,,,D122,2
UFM-1166,recipe mgmt,form view,,Config: Recipes,form config,docs/config/exports/staging/config_recipes.json,$.definition.questions[5].lineItemConfig.ui.closeConfirm.cases[1].cancelLabel,Question Q65ILNUSGL (LINE_ITEM_GROUP) cancelLabel,definition.questions.5.lineItemConfig.ui.closeConfirm.cases.1.cancelLabel,Continue editing,,,,D124,3
UFM-1167,recipe mgmt,form view,,Config: Recipes,form config,docs/config/exports/staging/config_recipes.json,$.definition.questions[5].lineItemConfig.ui.closeConfirm.cases[1].confirmLabel,Question Q65ILNUSGL (LINE_ITEM_GROUP) confirmLabel,definition.questions.5.lineItemConfig.ui.closeConfirm.cases.1.confirmLabel,"Close, data will be lost",,,,D123,2
UFM-1168,recipe mgmt,form view,,Config: Recipes,form config,docs/config/exports/staging/config_recipes.json,$.definition.questions[5].lineItemConfig.ui.closeConfirm.cases[1].title,Question Q65ILNUSGL (LINE_ITEM_GROUP) title,definition.questions.5.lineItemConfig.ui.closeConfirm.cases.1.title,Missing quantity/unit,,,,D121,2
UFM-1175,recipe mgmt,form view,,Config: Recipes,form config,docs/config/exports/staging/config_recipes.json,$.definition.questions[7].button.confirm.cancelLabel,Question RE_OPEN (BUTTON) cancelLabel,definition.questions.7.button.confirm.cancelLabel,No,Non,Nee,,D017,4
UFM-1176,recipe mgmt,form view,,Config: Recipes,form config,docs/config/exports/staging/config_recipes.json,$.definition.questions[7].button.confirm.confirmLabel,Question RE_OPEN (BUTTON) confirmLabel,definition.questions.7.button.confirm.confirmLabel,Yes,Oui,Ja,,D016,4
UFM-1177,recipe mgmt,form view,,Config: Recipes,form config,docs/config/exports/staging/config_recipes.json,$.definition.questions[7].button.confirm.message,Question RE_OPEN (BUTTON) message,definition.questions.7.button.confirm.message,This recipe will stop appearing in the Meal Production form. Do you want to proceed?,Cette recette ne s'affichera plus dans le formulaire de production de repas. Voulez-vous procéder ?,Deze recept zal niet meer verschijnen in het maaltijdproductieformulier. Wil je doorgaan?,,,
UFM-1178,recipe mgmt,form view,,Config: Recipes,form config,docs/config/exports/staging/config_recipes.json,$.definition.questions[7].button.confirm.title,Question RE_OPEN (BUTTON) title,definition.questions.7.button.confirm.title,Please confirm,,,,D048,2
UFM-1181,recipe mgmt,form view,,Config: Recipes,form config,docs/config/exports/staging/config_recipes.json,$.definition.submissionConfirmationCancelLabel,definition submissionConfirmationCancelLabel,definition.submissionConfirmationCancelLabel,"No, continue editing","Non, continuer la modification","Nee, verder bewerken",,D126,2
UFM-1182,recipe mgmt,form view,,Config: Recipes,form config,docs/config/exports/staging/config_recipes.json,$.definition.submissionConfirmationConfirmLabel,definition submissionConfirmationConfirmLabel,definition.submissionConfirmationConfirmLabel,"Yes, activate recipe","Oui, activer la recette","Ja, recept activeren",,,
UFM-1183,recipe mgmt,form view,,Config: Recipes,form config,docs/config/exports/staging/config_recipes.json,$.definition.submissionConfirmationMessage,definition submissionConfirmationMessage,definition.submissionConfirmationMessage,Ready to activate this recipe?,Prêt à activer cette recette ?,Klaar om deze recept te activeren?,,,
UFM-1184,recipe mgmt,form view,,Config: Recipes,form config,docs/config/exports/staging/config_recipes.json,$.definition.submissionConfirmationTitle,definition submissionConfirmationTitle,definition.submissionConfirmationTitle,Please confirm,Veuillez confirmer,Vergoeding bevestigen,,D044,3
UFM-1186,recipe mgmt,form view,,Config: Recipes,form config,docs/config/exports/staging/config_recipes.json,$.definition.submitValidation.submitTopErrorMessage,submitValidation submitTopErrorMessage,definition.submitValidation.submitTopErrorMessage,Please complete the highlighted fields before activating this recipe.,,,,,
UFM-1228,storage & cleaning,form view,,Config: Checklist,form config,docs/config/exports/staging/config_checklist.json,$.dedupRules[0].message,Item uniqueDateFrequency message,dedupRules.0.message,A record already exists for this date and frequency.,,,,D030,2
UFM-1229,storage & cleaning,form view,,Config: Checklist,form config,docs/config/exports/staging/config_checklist.json,$.definition.dedupDialog.cancelLabel,dedupDialog cancelLabel,definition.dedupDialog.cancelLabel,Cancel,Annuler,Annuleren,,D007,4
UFM-1230,storage & cleaning,form view,,Config: Checklist,form config,docs/config/exports/staging/config_checklist.json,$.definition.dedupDialog.changeLabel,dedupDialog changeLabel,definition.dedupDialog.changeLabel,Change date or type of check,Changer la date ou le type de vérification,Wijzig de datum of het type controle,,,
UFM-1231,storage & cleaning,form view,,Config: Checklist,form config,docs/config/exports/staging/config_checklist.json,$.definition.dedupDialog.intro,dedupDialog intro,definition.dedupDialog.intro,A storage and cleaning check record already exists for:,Un enregistrement de checklist de stockage et de nettoyage existe déjà pour:,Een opslag- en schoonmaakchecklistrecord bestaat al voor:,,,
UFM-1232,storage & cleaning,form view,,Config: Checklist,form config,docs/config/exports/staging/config_checklist.json,$.definition.dedupDialog.openLabel,dedupDialog openLabel,definition.dedupDialog.openLabel,Open existing check,Ouvrir la vérification existante,Open de bestaande controle,,,
UFM-1233,storage & cleaning,form view,,Config: Checklist,form config,docs/config/exports/staging/config_checklist.json,$.definition.dedupDialog.outro,dedupDialog outro,definition.dedupDialog.outro,What do you want to do?,Que voulez-vous faire?,Wat wil je doen?,,,
UFM-1234,storage & cleaning,form view,,Config: Checklist,form config,docs/config/exports/staging/config_checklist.json,$.definition.dedupDialog.title,dedupDialog title,definition.dedupDialog.title,Creating duplicate record for the same date and type of check is not allowed.,Créer un enregistrement dupliqué pour le même date et le même type de vérification n'est pas autorisé.,Een dubbele record maken voor dezelfde datum en type controle is niet toegestaan.,,,
UFM-1235,storage & cleaning,form view,,Config: Checklist,form config,docs/config/exports/staging/config_checklist.json,$.definition.dedupRules[0].message,Item uniqueDateFrequency message,definition.dedupRules.0.message,A record already exists for this date and frequency.,,,,D030,2
UFM-1241,storage & cleaning,form view,,Config: Checklist,form config,docs/config/exports/staging/config_checklist.json,$.definition.questions[1].changeDialog.cancelLabel,Question DATE (DATE) cancelLabel,definition.questions.1.changeDialog.cancelLabel,Cancel & delete this future record,,,,,
UFM-1242,storage & cleaning,form view,,Config: Checklist,form config,docs/config/exports/staging/config_checklist.json,$.definition.questions[1].changeDialog.confirmLabel,Question DATE (DATE) confirmLabel,definition.questions.1.changeDialog.confirmLabel,Continue – Select & save cook name only,,,,,
UFM-1243,storage & cleaning,form view,,Config: Checklist,form config,docs/config/exports/staging/config_checklist.json,$.definition.questions[1].changeDialog.message,Question DATE (DATE) message,definition.questions.1.changeDialog.message,You selected a date in the future. \nChecks cannot be completed in advance. Only the cook name can be selected in advance. What do you want to do?,,,,,
UFM-1244,storage & cleaning,form view,,Config: Checklist,form config,docs/config/exports/staging/config_checklist.json,$.definition.questions[1].changeDialog.title,Question DATE (DATE) title,definition.questions.1.changeDialog.title,Future dated record,,,,,
UFM-1382,storage & cleaning,form view,,Config: Checklist,form config,docs/config/exports/staging/config_checklist.json,$.definition.submissionConfirmationMessage,definition submissionConfirmationMessage,definition.submissionConfirmationMessage,"This report confirms that the checks were completed by {COOK} on {DATE}, in accordance with the Kitchen Safety & Cleaning Checks procedure.","Ce rapport confirme que les vérifications ont été effectuées par {COOK} le {DATE}, conformément à la procédure de vérifications de la cuisine et de nettoyage.","Dit rapport bevestigt dat de controles zijn uitgevoerd door {COOK} op {DATE}, conform de procedure voor keukenveiligheid en schoonmaakcontroles.",,,
UFM-1383,storage & cleaning,form view,,Config: Checklist,form config,docs/config/exports/staging/config_checklist.json,$.definition.submissionConfirmationTitle,definition submissionConfirmationTitle,definition.submissionConfirmationTitle,Please confirm,Veuillez confirmer,Vergoeding bevestigen,,D044,3
